-- phpMyAdmin SQL Dump
-- version 5.2.0
-- https://www.phpmyadmin.net/
--
-- Host: localhost:3306
-- Generation Time: Jun 29, 2026 at 01:16 PM
-- Server version: 8.0.30
-- PHP Version: 8.1.10

SET SQL_MODE = "NO_AUTO_VALUE_ON_ZERO";
START TRANSACTION;
SET time_zone = "+00:00";


/*!40101 SET @OLD_CHARACTER_SET_CLIENT=@@CHARACTER_SET_CLIENT */;
/*!40101 SET @OLD_CHARACTER_SET_RESULTS=@@CHARACTER_SET_RESULTS */;
/*!40101 SET @OLD_COLLATION_CONNECTION=@@COLLATION_CONNECTION */;
/*!40101 SET NAMES utf8mb4 */;

--
-- Database: `bakery`
--

-- --------------------------------------------------------

--
-- Table structure for table `detail_transaksi`
--

CREATE TABLE `detail_transaksi` (
  `id_detail` int NOT NULL,
  `id_transaksi` int NOT NULL,
  `id_produk` int NOT NULL,
  `nama_produk` varchar(100) DEFAULT NULL,
  `harga` int NOT NULL,
  `jumlah` int NOT NULL,
  `subtotal` int NOT NULL
) ENGINE=InnoDB DEFAULT CHARSET=utf8mb4 COLLATE=utf8mb4_0900_ai_ci;

--
-- Dumping data for table `detail_transaksi`
--

INSERT INTO `detail_transaksi` (`id_detail`, `id_transaksi`, `id_produk`, `nama_produk`, `harga`, `jumlah`, `subtotal`) VALUES
(1, 1, 1, 'es cekek', 2000000, 1, 2000000),
(2, 2, 1, 'es cekek', 2000000, 1, 2000000),
(3, 2, 2, 'ropang', 1000000, 3, 3000000);

-- --------------------------------------------------------

--
-- Table structure for table `kategori`
--

CREATE TABLE `kategori` (
  `id_kategori` int NOT NULL,
  `nama_kategori` varchar(50) NOT NULL
) ENGINE=InnoDB DEFAULT CHARSET=utf8mb4 COLLATE=utf8mb4_0900_ai_ci;

--
-- Dumping data for table `kategori`
--

INSERT INTO `kategori` (`id_kategori`, `nama_kategori`) VALUES
(1, 'Roti'),
(2, 'Cake'),
(3, 'Donat'),
(4, 'Pastry'),
(5, 'Minuman');

-- --------------------------------------------------------

--
-- Table structure for table `produk`
--

CREATE TABLE `produk` (
  `id_produk` int NOT NULL,
  `kode_produk` varchar(10) NOT NULL,
  `nama_produk` varchar(100) NOT NULL,
  `harga` int NOT NULL,
  `stok` int NOT NULL,
  `id_kategori` int NOT NULL
) ENGINE=InnoDB DEFAULT CHARSET=utf8mb4 COLLATE=utf8mb4_0900_ai_ci;

--
-- Dumping data for table `produk`
--

INSERT INTO `produk` (`id_produk`, `kode_produk`, `nama_produk`, `harga`, `stok`, `id_kategori`) VALUES
(1, 'es2jt', 'es cekek', 2000000, 48, 5),
(2, 'gg76', 'ropang', 1000000, 7, 1);

-- --------------------------------------------------------

--
-- Table structure for table `transaksi`
--

CREATE TABLE `transaksi` (
  `id_transaksi` int NOT NULL,
  `tanggal` date NOT NULL,
  `total` int NOT NULL
) ENGINE=InnoDB DEFAULT CHARSET=utf8mb4 COLLATE=utf8mb4_0900_ai_ci;

--
-- Dumping data for table `transaksi`
--

INSERT INTO `transaksi` (`id_transaksi`, `tanggal`, `total`) VALUES
(1, '2026-06-29', 2000000),
(2, '2026-06-29', 5000000);

-- --------------------------------------------------------

--
-- Table structure for table `user`
--

CREATE TABLE `user` (
  `id` int NOT NULL,
  `username` varchar(20) NOT NULL,
  `password` varchar(20) NOT NULL,
  `nama` varchar(100) NOT NULL
) ENGINE=InnoDB DEFAULT CHARSET=utf8mb4 COLLATE=utf8mb4_0900_ai_ci;

--
-- Dumping data for table `user`
--

INSERT INTO `user` (`id`, `username`, `password`, `nama`) VALUES
(1, 'admin', 'admin123', 'sani');

--
-- Indexes for dumped tables
--

--
-- Indexes for table `detail_transaksi`
--
ALTER TABLE `detail_transaksi`
  ADD PRIMARY KEY (`id_detail`),
  ADD KEY `id_transaksi` (`id_transaksi`),
  ADD KEY `id_produk` (`id_produk`);

--
-- Indexes for table `kategori`
--
ALTER TABLE `kategori`
  ADD PRIMARY KEY (`id_kategori`);

--
-- Indexes for table `produk`
--
ALTER TABLE `produk`
  ADD PRIMARY KEY (`id_produk`),
  ADD UNIQUE KEY `kode_produk` (`kode_produk`);

--
-- Indexes for table `transaksi`
--
ALTER TABLE `transaksi`
  ADD PRIMARY KEY (`id_transaksi`);

--
-- Indexes for table `user`
--
ALTER TABLE `user`
  ADD PRIMARY KEY (`id`);

--
-- AUTO_INCREMENT for dumped tables
--

--
-- AUTO_INCREMENT for table `detail_transaksi`
--
ALTER TABLE `detail_transaksi`
  MODIFY `id_detail` int NOT NULL AUTO_INCREMENT, AUTO_INCREMENT=4;

--
-- AUTO_INCREMENT for table `kategori`
--
ALTER TABLE `kategori`
  MODIFY `id_kategori` int NOT NULL AUTO_INCREMENT, AUTO_INCREMENT=6;

--
-- AUTO_INCREMENT for table `produk`
--
ALTER TABLE `produk`
  MODIFY `id_produk` int NOT NULL AUTO_INCREMENT, AUTO_INCREMENT=3;

--
-- AUTO_INCREMENT for table `transaksi`
--
ALTER TABLE `transaksi`
  MODIFY `id_transaksi` int NOT NULL AUTO_INCREMENT, AUTO_INCREMENT=3;

--
-- AUTO_INCREMENT for table `user`
--
ALTER TABLE `user`
  MODIFY `id` int NOT NULL AUTO_INCREMENT, AUTO_INCREMENT=2;

--
-- Constraints for dumped tables
--

--
-- Constraints for table `detail_transaksi`
--
ALTER TABLE `detail_transaksi`
  ADD CONSTRAINT `detail_transaksi_ibfk_1` FOREIGN KEY (`id_transaksi`) REFERENCES `transaksi` (`id_transaksi`) ON DELETE CASCADE,
  ADD CONSTRAINT `detail_transaksi_ibfk_2` FOREIGN KEY (`id_produk`) REFERENCES `produk` (`id_produk`);
COMMIT;

/*!40101 SET CHARACTER_SET_CLIENT=@OLD_CHARACTER_SET_CLIENT */;
/*!40101 SET CHARACTER_SET_RESULTS=@OLD_CHARACTER_SET_RESULTS */;
/*!40101 SET COLLATION_CONNECTION=@OLD_COLLATION_CONNECTION */;
